,objFunction,value,dataName
0,infomap,6.481019267012087,Copperfield
1,multilevel,0.30395017301038063,Copperfield
0,infomap,6.162385714697475,Bsubtilis
1,multilevel,0.4609344762425152,Bsubtilis
0,infomap,4.8155742924903,Iceland
1,multilevel,0.5467693129227482,Iceland
0,infomap,4.214350490753573,Zebra
1,multilevel,0.20321995464852605,Zebra
0,infomap,5.283183844208433,Dolphins
1,multilevel,0.5224279102883589,Dolphins
